Store,Panda YTD Spend,Panda Units,Units/SKU,Proposal Total,PDF Filename
[MS] Main Street Marijuana East - 1WT,777244.52,145662,20,514.2,[MS] Main Street Marijuana East - 1WT PICC Proposal.pdf
[GREC] Greenside Rec Des Moines - VMI - 1WT,499146.25,86173,20,514.2,[GREC] Greenside Rec Des Moines - VMI - 1WT PICC Proposal.pdf
[MS] Green Daze Cannabis - 1WT,487309.94,86339,20,514.2,[MS] Green Daze Cannabis - 1WT PICC Proposal.pdf
[IKE] Uncle Ikes White Center - VMI,477480.28,101931,20,514.2,[IKE] Uncle Ikes White Center - VMI PICC Proposal.pdf
[MS] Main Street Marijuana North - 1WT,473947.94,84554,20,514.2,[MS] Main Street Marijuana North - 1WT PICC Proposal.pdf
[LLF] Lucky Leaf Pasco - VMI - 1WT,471300.24,73087,20,514.2,[LLF] Lucky Leaf Pasco - VMI - 1WT PICC Proposal.pdf
[AGT] A Greener Today Walla Walla - VMI - 1WT,469942.25,129417,20,514.2,[AGT] A Greener Today Walla Walla - VMI - 1WT PICC Proposal.pdf
[HBRY] Herbery Chkalov (H3) - VMI,415529.24,82550,20,514.2,[HBRY] Herbery Chkalov (H3) - VMI PICC Proposal.pdf
[MS] Main Street Marijuana Downtown - 1WT,406915.91,77192,20,514.2,[MS] Main Street Marijuana Downtown - 1WT PICC Proposal.pdf
[MS] Main Street Marijuana Orchards - 1WT,382002.05,76330,20,514.2,[MS] Main Street Marijuana Orchards - 1WT PICC Proposal.pdf
[IKE] Uncle Ikes Lake City - VMI,336205.28,71387,20,514.2,[IKE] Uncle Ikes Lake City - VMI PICC Proposal.pdf
Seattle Tonics - 1WT,328343.04,54355,20,514.2,Seattle Tonics - 1WT PICC Proposal.pdf
[K21] Kush 21 Burien - VMI,303065.81,59238,20,514.2,[K21] Kush 21 Burien - VMI PICC Proposal.pdf
[K21] Kush 21 Buckley - VMI - 1WT,291381.78,54551,20,514.2,[K21] Kush 21 Buckley - VMI - 1WT PICC Proposal.pdf
[APEX] Apex Cannabis Moses Lake - VMI - 1WT,283645.46,45656,20,514.2,[APEX] Apex Cannabis Moses Lake - VMI - 1WT PICC Proposal.pdf
Fire and Frost - VMI,281451.53,57835,20,514.2,Fire and Frost - VMI PICC Proposal.pdf
[HI5] High-5 Vancouver - 1WT,278930.86,42350,20,514.2,[HI5] High-5 Vancouver - 1WT PICC Proposal.pdf
Canna4Life - VMI,278058.74,40788,19,488.49,Canna4Life - VMI PICC Proposal.pdf
[HBRY] Herbery Fourth Plain (H5) - VMI,265142.16,53395,19,488.49,[HBRY] Herbery Fourth Plain (H5) - VMI PICC Proposal.pdf
[K21] Kush 21 Cannabis Sodo - VMI - 1WT,263316.87,53433,19,488.49,[K21] Kush 21 Cannabis Sodo - VMI - 1WT PICC Proposal.pdf
[AGT] A Greener Today Bothell - VMI - 1WT,259292.66,44361,19,488.49,[AGT] A Greener Today Bothell - VMI - 1WT PICC Proposal.pdf
[IKE] Uncle Ikes 23rd & Union - VMI,252511.19,60728,19,488.49,[IKE] Uncle Ikes 23rd & Union - VMI PICC Proposal.pdf
[IKE] Uncle Ikes Olive Way - VMI,249406.98,61454,19,488.49,[IKE] Uncle Ikes Olive Way - VMI PICC Proposal.pdf
[RTS] Local Roots - Yakima - VMI,227109.51,40702,19,488.49,[RTS] Local Roots - Yakima - VMI PICC Proposal.pdf
[K21] Locals Canna House - VMI - 1WT,225916.37,33508,19,488.49,[K21] Locals Canna House - VMI - 1WT PICC Proposal.pdf
[HBRY] Herbery 78th (H4) - VMI,216491.68,42759,19,488.49,[HBRY] Herbery 78th (H4) - VMI PICC Proposal.pdf
Joint Rivers Cannabis - VMI - 1WT,213507.01,38691,19,488.49,Joint Rivers Cannabis - VMI - 1WT PICC Proposal.pdf
[WDRY] Walla Walla Weedery - VMI - 1WT,211167.71,62882,19,488.49,[WDRY] Walla Walla Weedery - VMI - 1WT PICC Proposal.pdf
[EUPM] Euphorium Covington - VMI - 1WT,201551.22,36599,19,488.49,[EUPM] Euphorium Covington - VMI - 1WT PICC Proposal.pdf
[AGT] A Greener Today Gold Bar - VMI - 1WT,200672.99,34629,19,488.49,[AGT] A Greener Today Gold Bar - VMI - 1WT PICC Proposal.pdf
[BBN] Bud Barn Yelm - VMI - 1WT,199899.28,45208,19,488.49,[BBN] Bud Barn Yelm - VMI - 1WT PICC Proposal.pdf
[EGM] Evergreen Market Auburn - VMI - 1WT,196384.54,28390,19,488.49,[EGM] Evergreen Market Auburn - VMI - 1WT PICC Proposal.pdf
[MS] Shawn Kemp's Cannabis - Belltown - 1WT,194061.76,30671,19,488.49,[MS] Shawn Kemp's Cannabis - Belltown - 1WT PICC Proposal.pdf
[K21] Kush21 Everett - VMI,191306.1,34313,19,488.49,[K21] Kush21 Everett - VMI PICC Proposal.pdf
[FLYD] Dank's Renton - VMI,184076.02,30499,19,488.49,[FLYD] Dank's Renton - VMI PICC Proposal.pdf
[C&G] Cannabis & Glass Liberty Lake - 1WT,180888.23,25039,19,488.49,[C&G] Cannabis & Glass Liberty Lake - 1WT PICC Proposal.pdf
[HBRY] Herbery St John (H2) - VMI,164713.85,34463,19,488.49,[HBRY] Herbery St John (H2) - VMI PICC Proposal.pdf
Q'anapsu LLC - 1WT,161954.95,22696,19,488.49,Q'anapsu LLC - 1WT PICC Proposal.pdf
[RTS] Local Roots - Tacoma - VMI - 1WT,161449.37,33562,19,488.49,[RTS] Local Roots - Tacoma - VMI - 1WT PICC Proposal.pdf
[AGT] A Greener Today MLK - VMI,161005.08,33982,19,488.49,[AGT] A Greener Today MLK - VMI PICC Proposal.pdf
[BBN] Bud Barn Lacey - VMI - 1WT,159203.72,39820,19,488.49,[BBN] Bud Barn Lacey - VMI - 1WT PICC Proposal.pdf
[APEX] Apex Cannabis Otis Orchards - VMI - 1WT,157753.68,23435,19,488.49,[APEX] Apex Cannabis Otis Orchards - VMI - 1WT PICC Proposal.pdf
Mary Mart Inc. - VMI,157190.66,30958,19,488.49,Mary Mart Inc. - VMI PICC Proposal.pdf
[EGM] Evergreen Market South Renton - VMI - 1WT,155149.1,21251,19,488.49,[EGM] Evergreen Market South Renton - VMI - 1WT PICC Proposal.pdf
[AGT] A Greener Today Shoreline - VMI,154886.94,34362,19,488.49,[AGT] A Greener Today Shoreline - VMI PICC Proposal.pdf
[IKE] Uncle Ikes Capitol Hill - VMI,147184.21,34341,19,488.49,[IKE] Uncle Ikes Capitol Hill - VMI PICC Proposal.pdf
[HLF] Higher Leaf Kirkland - VMI - 1WT,145737.68,26690,19,488.49,[HLF] Higher Leaf Kirkland - VMI - 1WT PICC Proposal.pdf
[FLYD] Floyd's Cannabis Mount Vernon - VMI,144588.64,26513,19,488.49,[FLYD] Floyd's Cannabis Mount Vernon - VMI PICC Proposal.pdf
28 Grahams Cannabis - VMI,142056.0,20727,19,488.49,28 Grahams Cannabis - VMI PICC Proposal.pdf
[FMKT] Freedom Market Ilwaco - VMI - 1WT,141521.41,28036,18,462.78,[FMKT] Freedom Market Ilwaco - VMI - 1WT PICC Proposal.pdf
[RTS] Local Roots - Everett 128th - VMI,139797.7,28197,18,462.78,[RTS] Local Roots - Everett 128th - VMI PICC Proposal.pdf
[420] 420 Carpenter - 1WT,138163.56,26697,18,462.78,[420] 420 Carpenter - 1WT PICC Proposal.pdf
[420] 420 Capitol - 1WT,133820.12,26270,18,462.78,[420] 420 Capitol - 1WT PICC Proposal.pdf
[SLBN] The Slow Burn Market,133171.75,24549,18,462.78,[SLBN] The Slow Burn Market PICC Proposal.pdf
[APEX] Apex Cannabis - Market Street - VMI,131759.55,26197,18,462.78,[APEX] Apex Cannabis - Market Street - VMI PICC Proposal.pdf
[HBRY] Herbery Blvd (H6) - VMI -  1WT,131468.81,27864,18,462.78,[HBRY] Herbery Blvd (H6) - VMI -  1WT PICC Proposal.pdf
[CRFT] Craft Cannabis Mill Plain - VMI - 1WT,128353.89,20764,18,462.78,[CRFT] Craft Cannabis Mill Plain - VMI - 1WT PICC Proposal.pdf
[AGT] A Greener Today Lynnwood - VMI - 1WT,124824.42,27124,18,462.78,[AGT] A Greener Today Lynnwood - VMI - 1WT PICC Proposal.pdf
[AGT] A Greener Today Burien - VMI,124557.54,49042,18,462.78,[AGT] A Greener Today Burien - VMI PICC Proposal.pdf
[MS] Shawn Kemp's Cannabis SODO - 1WT,124240.87,19326,18,462.78,[MS] Shawn Kemp's Cannabis SODO - 1WT PICC Proposal.pdf
Ni'Kxna¿ - VMI,124132.28,15959,18,462.78,Ni'Kxna¿ - VMI PICC Proposal.pdf
[FLYD] Floyd's Cannabis Sedro Woolley - VMI,124128.05,23571,18,462.78,[FLYD] Floyd's Cannabis Sedro Woolley - VMI PICC Proposal.pdf
Cannabis Country Store - 1WT,122899.61,18697,18,462.78,Cannabis Country Store - 1WT PICC Proposal.pdf
[HLF] Higher Leaf Eastgate-Bellevue - VMI - 1WT,120765.74,20261,18,462.78,[HLF] Higher Leaf Eastgate-Bellevue - VMI - 1WT PICC Proposal.pdf
Cult Cannabis Co - VMI - 1WT,117224.63,17551,18,462.78,Cult Cannabis Co - VMI - 1WT PICC Proposal.pdf
[CRFT] Craft Cannabis Tacoma - VMI - 1WT,117036.57,15429,18,462.78,[CRFT] Craft Cannabis Tacoma - VMI - 1WT PICC Proposal.pdf
[FLYD] Floyd's Cannabis Burlington - VMI,116144.6,18169,18,462.78,[FLYD] Floyd's Cannabis Burlington - VMI PICC Proposal.pdf
[395] Herbal E Scents - VMI - 1WT,114982.14,19040,18,462.78,[395] Herbal E Scents - VMI - 1WT PICC Proposal.pdf
[EGM] Evergreen Market Kirkland - VMI - 1WT,113886.16,15201,18,462.78,[EGM] Evergreen Market Kirkland - VMI - 1WT PICC Proposal.pdf
[PZN] Pot Zone - Port Orchard - VMI - 1WT,112811.88,12880,18,462.78,[PZN] Pot Zone - Port Orchard - VMI - 1WT PICC Proposal.pdf
210 Cannabis - VMI - 1WT,111063.03,16254,18,462.78,210 Cannabis - VMI - 1WT PICC Proposal.pdf
[POCC] Pend Oreille Cannabis Co,109634.05,15283,18,462.78,[POCC] Pend Oreille Cannabis Co PICC Proposal.pdf
[C&G] Cannabis & Glass Trent (Valley) - 1WT,109338.07,15615,18,462.78,[C&G] Cannabis & Glass Trent (Valley) - 1WT PICC Proposal.pdf
[CRFT] Craft Cannabis Andresen - VMI - 1WT,109149.41,16934,18,462.78,[CRFT] Craft Cannabis Andresen - VMI - 1WT PICC Proposal.pdf
[VLT] Vault Cannabis Lake Stevens,106860.52,15002,18,462.78,[VLT] Vault Cannabis Lake Stevens PICC Proposal.pdf
[ICC] Issaquah Cannabis Co,106434.8,21787,18,462.78,[ICC] Issaquah Cannabis Co PICC Proposal.pdf
Destination HWY 420 - VMI - 1WT,104879.84,15104,18,462.78,Destination HWY 420 - VMI - 1WT PICC Proposal.pdf
[APEX] Apex Cannabis Division - VMI - 1WT,104763.86,17704,18,462.78,[APEX] Apex Cannabis Division - VMI - 1WT PICC Proposal.pdf
[CHB] Cascade Herb - Bellingham - 1WT,104574.39,15665,18,462.78,[CHB] Cascade Herb - Bellingham - 1WT PICC Proposal.pdf
[CRFT] Craft Cannabis Wenatchee - VMI - 1WT,104339.82,16273,18,462.78,[CRFT] Craft Cannabis Wenatchee - VMI - 1WT PICC Proposal.pdf
[FMKT] Freedom Market Longview - VMI - 1WT,103255.66,20991,18,462.78,[FMKT] Freedom Market Longview - VMI - 1WT PICC Proposal.pdf
[GLY] The Gallery Canyon - VMI,100011.69,19330,18,462.78,[GLY] The Gallery Canyon - VMI PICC Proposal.pdf
[420] 420 Grand Central - 1WT,99496.59,16182,17,437.07,[420] 420 Grand Central - 1WT PICC Proposal.pdf
[C&G] Cannabis & Glass Francis (North) - 1WT,98094.26,13511,17,437.07,[C&G] Cannabis & Glass Francis (North) - 1WT PICC Proposal.pdf
[HLF] Higher Leaf - Factoria  - VMI - 1WT,95951.8,17041,17,437.07,[HLF] Higher Leaf - Factoria  - VMI - 1WT PICC Proposal.pdf
Margie's Pot Shop,91111.13,16111,17,437.07,Margie's Pot Shop PICC Proposal.pdf
[FMKT] Freedom Market - Kelso - VMI - 1WT,90946.43,18964,17,437.07,[FMKT] Freedom Market - Kelso - VMI - 1WT PICC Proposal.pdf
[FIRE] Fire Cannabis Co Yakima - 1WT,90148.26,17099,17,437.07,[FIRE] Fire Cannabis Co Yakima - 1WT PICC Proposal.pdf
Greenlight - VMI - 1WT,89303.68,12249,17,437.07,Greenlight - VMI - 1WT PICC Proposal.pdf
[Lidz] Lidz - Everett North - VMI,88151.19,17301,17,437.07,[Lidz] Lidz - Everett North - VMI PICC Proposal.pdf
[BHUT] Bud Hut Camano Island - VMI - 1WT,88101.7,18972,17,437.07,[BHUT] Bud Hut Camano Island - VMI - 1WT PICC Proposal.pdf
[ICC] 112th St Cannabis,87461.01,18086,17,437.07,[ICC] 112th St Cannabis PICC Proposal.pdf
[LLF] Lucky Leaf Spokane - VMI,86944.7,15554,17,437.07,[LLF] Lucky Leaf Spokane - VMI PICC Proposal.pdf
Nature's Gifts,84524.23,10491,17,437.07,Nature's Gifts PICC Proposal.pdf
[KLF] Kaleafa Des Moines - VMI - 1WT,82948.71,13336,17,437.07,[KLF] Kaleafa Des Moines - VMI - 1WT PICC Proposal.pdf
[ICC] Cliff's Cannabis,80526.81,16426,17,437.07,[ICC] Cliff's Cannabis PICC Proposal.pdf
[EGM] Evergreen Market (Renton Highlands) - VMI - 1WT,80468.7,11544,17,437.07,[EGM] Evergreen Market (Renton Highlands) - VMI - 1WT PICC Proposal.pdf
[EGM] Evergreen Market Bellevue - VMI - 1WT,80377.14,10245,17,437.07,[EGM] Evergreen Market Bellevue - VMI - 1WT PICC Proposal.pdf
Cannarail Station - VMI - 1WT,79978.22,9774,17,437.07,Cannarail Station - VMI - 1WT PICC Proposal.pdf
[HI5] High-5 Stevenson - VMI - 1WT,79951.06,14324,17,437.07,[HI5] High-5 Stevenson - VMI - 1WT PICC Proposal.pdf
[CPRO] Cannabis Provisions Wenatchee - VMI - 1WT,79642.04,15074,17,437.07,[CPRO] Cannabis Provisions Wenatchee - VMI - 1WT PICC Proposal.pdf
[HAH] Have A Heart Belltown - VMI - 1WT,78853.28,17807,17,437.07,[HAH] Have A Heart Belltown - VMI - 1WT PICC Proposal.pdf
North West Cannabis - VMI,76838.1,12379,17,437.07,North West Cannabis - VMI PICC Proposal.pdf
Sweet Jane - Gig Harbor - 1WT,76251.37,24496,17,437.07,Sweet Jane - Gig Harbor - 1WT PICC Proposal.pdf
[HLF] Higher Leaf - BelRed - VMI - 1WT,75957.29,12159,17,437.07,[HLF] Higher Leaf - BelRed - VMI - 1WT PICC Proposal.pdf
The Green Door Buckley - 1WT,75922.19,11235,17,437.07,The Green Door Buckley - 1WT PICC Proposal.pdf
[EUPM] Euphorium Woodinville - VMI,75567.47,11266,17,437.07,[EUPM] Euphorium Woodinville - VMI PICC Proposal.pdf
[HLF] Redmond Leaf Avondale - VMI - 1WT,75504.97,12290,17,437.07,[HLF] Redmond Leaf Avondale - VMI - 1WT PICC Proposal.pdf
[TNDR] Thunder Cannabis Rochester - 1WT,74688.29,10955,17,437.07,[TNDR] Thunder Cannabis Rochester - 1WT PICC Proposal.pdf
[GREC] Greenside Rec Queen Anne - VMI - 1WT,70566.85,10867,17,437.07,[GREC] Greenside Rec Queen Anne - VMI - 1WT PICC Proposal.pdf
Green Roads - 1WT,70143.73,10728,17,437.07,Green Roads - 1WT PICC Proposal.pdf
20After4 - VMI - 1WT,69581.25,15788,17,437.07,20After4 - VMI - 1WT PICC Proposal.pdf
[420] 420 West - 1WT,68863.11,12895,17,437.07,[420] 420 West - 1WT PICC Proposal.pdf
[SCC] Super Chronic Club Olympia - 1WT,68835.79,13886,17,437.07,[SCC] Super Chronic Club Olympia - 1WT PICC Proposal.pdf
Kush Kirkland,68479.88,9006,16,411.36,Kush Kirkland PICC Proposal.pdf
Canna West Seattle - 1WT,67359.87,9127,16,411.36,Canna West Seattle - 1WT PICC Proposal.pdf
Ocean Greens - 1WT,66561.95,10986,16,411.36,Ocean Greens - 1WT PICC Proposal.pdf
[APEX] Apex Cannabis - Pullman - VMI,65437.87,13868,16,411.36,[APEX] Apex Cannabis - Pullman - VMI PICC Proposal.pdf
[HAH] Have A Heart Skyway - VMI - 1WT,65017.78,13785,16,411.36,[HAH] Have A Heart Skyway - VMI - 1WT PICC Proposal.pdf
[FLYD] Floyd's Cannabis Pullman - VMI,64005.36,11309,16,411.36,[FLYD] Floyd's Cannabis Pullman - VMI PICC Proposal.pdf
[EVLV] Evolve Washington - VMI,63442.44,7866,16,411.36,[EVLV] Evolve Washington - VMI PICC Proposal.pdf
Trove Cannabis - VMI,62856.68,9398,16,411.36,Trove Cannabis - VMI PICC Proposal.pdf
[BAKE] The Bake Shop Yakima - VMI - 1WT,62418.58,10930,16,411.36,[BAKE] The Bake Shop Yakima - VMI - 1WT PICC Proposal.pdf
[VLT] Vault Cannabis Spokane,62125.58,7906,16,411.36,[VLT] Vault Cannabis Spokane PICC Proposal.pdf
[BHUT] Bud Hut Maple Valley - VMI - 1WT,61671.58,17064,16,411.36,[BHUT] Bud Hut Maple Valley - VMI - 1WT PICC Proposal.pdf
Altitude,61128.16,8209,16,411.36,Altitude PICC Proposal.pdf
[ZIA] Zia Recreational - VMI - 1WT,60065.13,8833,16,411.36,[ZIA] Zia Recreational - VMI - 1WT PICC Proposal.pdf
Kush Tribe Mukilteo - VMI,59629.97,10710,16,411.36,Kush Tribe Mukilteo - VMI PICC Proposal.pdf
[FIRE] Fire Cannabis Co Omak - 1WT,59438.38,8756,16,411.36,[FIRE] Fire Cannabis Co Omak - 1WT PICC Proposal.pdf
[SLBN] The Slow Burn Main,58978.81,12244,16,411.36,[SLBN] The Slow Burn Main PICC Proposal.pdf
[CZCN] Cannazone Edmonds - VMI,58881.58,8032,16,411.36,[CZCN] Cannazone Edmonds - VMI PICC Proposal.pdf
[HAH] Have A Heart Greenwood - VMI - 1WT,58657.07,11859,16,411.36,[HAH] Have A Heart Greenwood - VMI - 1WT PICC Proposal.pdf
[NVT] Novel Tree Bremerton - VMI - 1WT,58146.44,11870,16,411.36,[NVT] Novel Tree Bremerton - VMI - 1WT PICC Proposal.pdf
Anacortes Cannabis - 1WT,57952.45,7013,16,411.36,Anacortes Cannabis - 1WT PICC Proposal.pdf
[NVNA] Nirvana Otis Orchards - VMI - 1WT,57878.06,7666,16,411.36,[NVNA] Nirvana Otis Orchards - VMI - 1WT PICC Proposal.pdf
[HAH] Have A Heart Ocean Shores - VMI - 1WT,57662.27,13265,16,411.36,[HAH] Have A Heart Ocean Shores - VMI - 1WT PICC Proposal.pdf
Tokeland Cannabis,56576.65,9527,16,411.36,Tokeland Cannabis PICC Proposal.pdf
[VLT] Vault Seattle,56531.9,8043,16,411.36,[VLT] Vault Seattle PICC Proposal.pdf
[BBD] Better Buds Silverdale - VMI - 1WT,56259.81,10328,16,411.36,[BBD] Better Buds Silverdale - VMI - 1WT PICC Proposal.pdf
Freeland Cannabis - 1WT,54468.62,8044,16,411.36,Freeland Cannabis - 1WT PICC Proposal.pdf
King Cronic - VMI,53809.28,8096,16,411.36,King Cronic - VMI PICC Proposal.pdf
[FBG] Fillabong Silverdale,53592.69,5777,16,411.36,[FBG] Fillabong Silverdale PICC Proposal.pdf
Cannabis Super Store - VMI - 1WT,53406.14,8345,16,411.36,Cannabis Super Store - VMI - 1WT PICC Proposal.pdf
Toker Friendly - VMI - 1WT,51595.88,6269,16,411.36,Toker Friendly - VMI - 1WT PICC Proposal.pdf
[LINK] The Link Cannabis Co Longview - 1WT,51571.93,8662,16,411.36,[LINK] The Link Cannabis Co Longview - 1WT PICC Proposal.pdf
[BHUT] Bud Hut Everett - VMI - 1WT,51532.0,8947,16,411.36,[BHUT] Bud Hut Everett - VMI - 1WT PICC Proposal.pdf
[CRFT] Craft Cannabis South Wenatchee - VMI - 1WT,51457.27,8809,16,411.36,[CRFT] Craft Cannabis South Wenatchee - VMI - 1WT PICC Proposal.pdf
420 Spot Shop - 1WT,51128.93,10376,15,385.65,420 Spot Shop - 1WT PICC Proposal.pdf
[BHUT] Bud Hut Friday Harbor - VMI - 1WT,49129.8,8924,15,385.65,[BHUT] Bud Hut Friday Harbor - VMI - 1WT PICC Proposal.pdf
Green Life Cannabis - VMI - 1WT,49075.36,9541,15,385.65,Green Life Cannabis - VMI - 1WT PICC Proposal.pdf
The Root Cellar - VMI - 1WT,48898.89,10302,15,385.65,The Root Cellar - VMI - 1WT PICC Proposal.pdf
[HLF] Redmond Leaf Downtown - 1WT,47841.39,7751,15,385.65,[HLF] Redmond Leaf Downtown - 1WT PICC Proposal.pdf
[PZN] Pot Zone Tacoma - VMI - 1WT,46036.81,9364,15,385.65,[PZN] Pot Zone Tacoma - VMI - 1WT PICC Proposal.pdf
[KSHY] Ounces and Eighths Monroe - VMI - 1WT,46010.57,9747,15,385.65,[KSHY] Ounces and Eighths Monroe - VMI - 1WT PICC Proposal.pdf
[BHUT] Golden Dispensaries - VMI - 1WT,45821.82,8598,15,385.65,[BHUT] Golden Dispensaries - VMI - 1WT PICC Proposal.pdf
Westside 420 Recreational - 1WT,44792.35,6653,15,385.65,Westside 420 Recreational - 1WT PICC Proposal.pdf
[HAH] Have A Heart Bothell - VMI - 1WT,44596.52,9714,15,385.65,[HAH] Have A Heart Bothell - VMI - 1WT PICC Proposal.pdf
Growers Outlet,44335.5,9838,15,385.65,Growers Outlet PICC Proposal.pdf
[ZIA] Cutie Judy's - VMI - 1WT,43695.39,6232,15,385.65,[ZIA] Cutie Judy's - VMI - 1WT PICC Proposal.pdf
STONR Cannabis - VMI - 1WT,43500.11,6473,15,385.65,STONR Cannabis - VMI - 1WT PICC Proposal.pdf
[LVLY] Lovely Buds Division - VMI,42298.75,5120,15,385.65,[LVLY] Lovely Buds Division - VMI PICC Proposal.pdf
[TNDR] Thunder Cannabis Olympia - 1WT,40869.02,5694,15,385.65,[TNDR] Thunder Cannabis Olympia - 1WT PICC Proposal.pdf
American Harvest - 1WT,40571.07,6657,15,385.65,American Harvest - 1WT PICC Proposal.pdf
[SCC] Super Chronic Club Lacey - 1WT,40210.05,7564,15,385.65,[SCC] Super Chronic Club Lacey - 1WT PICC Proposal.pdf
Green Dreams - 1WT,40118.44,4468,15,385.65,Green Dreams - 1WT PICC Proposal.pdf
[GNGT] The Green Nugget Pullman - VMI - 1WT,40102.5,6567,15,385.65,[GNGT] The Green Nugget Pullman - VMI - 1WT PICC Proposal.pdf
[FLYD] Floyd's Cannabis Everett - VMI,40092.41,7248,15,385.65,[FLYD] Floyd's Cannabis Everett - VMI PICC Proposal.pdf
[2020] 2020 Solutions Pacific - VMI - 1WT,39796.9,5304,15,385.65,[2020] 2020 Solutions Pacific - VMI - 1WT PICC Proposal.pdf
[POM] Piece of Mind Bellingham - VMI,39215.79,6274,15,385.65,[POM] Piece of Mind Bellingham - VMI PICC Proposal.pdf
Tru Greenthumb,38716.47,4181,15,385.65,Tru Greenthumb PICC Proposal.pdf
[2020] 2020 Solutions Iron - VMI - 1WT,38441.29,4971,15,385.65,[2020] 2020 Solutions Iron - VMI - 1WT PICC Proposal.pdf
[SLBN] The Slow Burn Moxee,37461.06,7685,15,385.65,[SLBN] The Slow Burn Moxee PICC Proposal.pdf
[FCC] Forbidden Cannabis Club Carson - 1WT,37206.02,8859,15,385.65,[FCC] Forbidden Cannabis Club Carson - 1WT PICC Proposal.pdf
365 Recreational Dayton - VMI,36580.03,8548,15,385.65,365 Recreational Dayton - VMI PICC Proposal.pdf
[GPSY] Gypsy Greens Chehalis,36215.7,6660,15,385.65,[GPSY] Gypsy Greens Chehalis PICC Proposal.pdf
[FCC] Forbidden Cannabis Club Okanogan - 1WT,36186.94,6319,15,385.65,[FCC] Forbidden Cannabis Club Okanogan - 1WT PICC Proposal.pdf
[420] 420 Elma on Main - 1WT,35058.06,6566,15,385.65,[420] 420 Elma on Main - 1WT PICC Proposal.pdf
[KLF] Kaleafa Oak Harbor - 1WT,34966.94,6013,15,385.65,[KLF] Kaleafa Oak Harbor - 1WT PICC Proposal.pdf
[EUPM] Euphorium Vashon - VMI,34951.04,5423,15,385.65,[EUPM] Euphorium Vashon - VMI PICC Proposal.pdf
Smokane - 1WT,34264.58,4480,14,359.94,Smokane - 1WT PICC Proposal.pdf
[HOC] House of Cannabis Twisp -  1WT,33965.69,5294,14,359.94,[HOC] House of Cannabis Twisp -  1WT PICC Proposal.pdf
Buds Garage Everett - VMI,33571.44,4409,14,359.94,Buds Garage Everett - VMI PICC Proposal.pdf
[CNDR] Cinder (Valley),33298.95,3610,14,359.94,[CNDR] Cinder (Valley) PICC Proposal.pdf
[FBG] Fillabong Bremerton,33276.92,3565,14,359.94,[FBG] Fillabong Bremerton PICC Proposal.pdf
[FDM] Fweedom Cannabis Mountlake Terrace - 1WT,33244.62,5793,14,359.94,[FDM] Fweedom Cannabis Mountlake Terrace - 1WT PICC Proposal.pdf
[JNT] Starbuds - Bellingham - 1WT,32760.53,5270,14,359.94,[JNT] Starbuds - Bellingham - 1WT PICC Proposal.pdf
[HOC] House of Cannabis Tonasket - 1WT,32268.3,5747,14,359.94,[HOC] House of Cannabis Tonasket - 1WT PICC Proposal.pdf
Greenfield Cannabis,32117.55,3474,14,359.94,Greenfield Cannabis PICC Proposal.pdf
THC of Olympia - VMI,32042.8,9023,14,359.94,THC of Olympia - VMI PICC Proposal.pdf
[H420] Hangar 420 (Lynnwood) - 1WT,31986.68,4198,14,359.94,[H420] Hangar 420 (Lynnwood) - 1WT PICC Proposal.pdf
[LVLY] Lovely Buds North - VMI,31299.16,3771,14,359.94,[LVLY] Lovely Buds North - VMI PICC Proposal.pdf
[BKRE] The Bakeree Belltown - 1WT,30601.92,6410,14,359.94,[BKRE] The Bakeree Belltown - 1WT PICC Proposal.pdf
[LVLY] Frosted Cannabis Sprague - VMI,30529.6,3596,14,359.94,[LVLY] Frosted Cannabis Sprague - VMI PICC Proposal.pdf
[SAGE] Sage Shop Omak,30350.98,5347,14,359.94,[SAGE] Sage Shop Omak PICC Proposal.pdf
[2020] 2020 Solutions Mt Baker Hwy - VMI - 1WT,28609.34,3979,14,359.94,[2020] 2020 Solutions Mt Baker Hwy - VMI - 1WT PICC Proposal.pdf
Mr Greens (Crossmatch) - VMI,28541.06,4747,14,359.94,Mr Greens (Crossmatch) - VMI PICC Proposal.pdf
[FLYD] Floyd's Cannabis Port Angeles - VMI,27999.02,5417,14,359.94,[FLYD] Floyd's Cannabis Port Angeles - VMI PICC Proposal.pdf
[HTRS] Happy Trees Prosser - VMI,27931.75,6495,14,359.94,[HTRS] Happy Trees Prosser - VMI PICC Proposal.pdf
[CNDR] Cinder (North),27481.85,3025,14,359.94,[CNDR] Cinder (North) PICC Proposal.pdf
[FMKT] Freedom Market Cathlamet - VMI - 1WT,27449.98,7318,14,359.94,[FMKT] Freedom Market Cathlamet - VMI - 1WT PICC Proposal.pdf
Sweet Leaf Cannabis Co.,26555.76,5601,14,359.94,Sweet Leaf Cannabis Co. PICC Proposal.pdf
[395] High Life Cannabis - VMI - 1WT,26248.35,3670,14,359.94,[395] High Life Cannabis - VMI - 1WT PICC Proposal.pdf
[NVNA] Nirvana East Wenatchee - VMI - 1WT,26040.86,4158,14,359.94,[NVNA] Nirvana East Wenatchee - VMI - 1WT PICC Proposal.pdf
Red Fox - VMI,25102.88,3969,14,359.94,Red Fox - VMI PICC Proposal.pdf
[HOC] House of Cannabis Tacoma - 1WT,24452.03,4165,14,359.94,[HOC] House of Cannabis Tacoma - 1WT PICC Proposal.pdf
The Tribal Joint,24272.91,3643,14,359.94,The Tribal Joint PICC Proposal.pdf
[ELVT] Elevation (Tumwater Airport) - 1WT,23736.3,3690,14,359.94,[ELVT] Elevation (Tumwater Airport) - 1WT PICC Proposal.pdf
[HTRS] Happy Trees Cle Elum - VMI,23354.25,4679,14,359.94,[HTRS] Happy Trees Cle Elum - VMI PICC Proposal.pdf
[CHB] Cascade Herb - Ferndale - 1WT,23252.79,3021,14,359.94,[CHB] Cascade Herb - Ferndale - 1WT PICC Proposal.pdf
Loving Farms - 1WT,23126.15,3358,14,359.94,Loving Farms - 1WT PICC Proposal.pdf
Uncle Willie's Cannabis - VMI - 1WT,22839.65,4374,14,359.94,Uncle Willie's Cannabis - VMI - 1WT PICC Proposal.pdf
Zen Den,22692.24,4196,14,359.94,Zen Den PICC Proposal.pdf
Natural Green Cannabis,22338.99,3594,13,334.23,Natural Green Cannabis PICC Proposal.pdf
Carter's Cannabis - 1WT,22186.83,6830,13,334.23,Carter's Cannabis - 1WT PICC Proposal.pdf
[SCC] Super Chronic Club Mount Vernon - 1WT,21886.68,3136,13,334.23,[SCC] Super Chronic Club Mount Vernon - 1WT PICC Proposal.pdf
[CNDR] Cinder (Downtown),21547.5,2625,13,334.23,[CNDR] Cinder (Downtown) PICC Proposal.pdf
395 Herb - 1WT,20776.45,4063,13,334.23,395 Herb - 1WT PICC Proposal.pdf
I-90 Greenhouse (It Is Lit),20381.47,2967,13,334.23,I-90 Greenhouse (It Is Lit) PICC Proposal.pdf
Greenway - VMI - 1WT,20360.23,2714,13,334.23,Greenway - VMI - 1WT PICC Proposal.pdf
TJ's Cannabis,20237.89,4493,13,334.23,TJ's Cannabis PICC Proposal.pdf
West Coast Wellness,19746.56,3623,13,334.23,West Coast Wellness PICC Proposal.pdf
Orchards Cannabis Market,19130.18,2622,13,334.23,Orchards Cannabis Market PICC Proposal.pdf
[BBD] Better Buds Port Hadlock - VMI - 1WT,19069.71,4888,13,334.23,[BBD] Better Buds Port Hadlock - VMI - 1WT PICC Proposal.pdf
[NVT] Novel Tree Bellevue - VMI - 1WT,18807.91,3176,13,334.23,[NVT] Novel Tree Bellevue - VMI - 1WT PICC Proposal.pdf
Smuggler Brothers - 1WT,18760.76,2626,13,334.23,Smuggler Brothers - 1WT PICC Proposal.pdf
Elwha Peaks,18744.1,2510,13,334.23,Elwha Peaks PICC Proposal.pdf
[HTG] Hashtag Redmond - 1WT,18396.28,2985,13,334.23,[HTG] Hashtag Redmond - 1WT PICC Proposal.pdf
[SAGE] Sage Shop Oroville,18304.0,3238,13,334.23,[SAGE] Sage Shop Oroville PICC Proposal.pdf
Star Outlet,18095.44,3281,13,334.23,Star Outlet PICC Proposal.pdf
Kitsap Cannabis Port Orchard,18021.82,3844,13,334.23,Kitsap Cannabis Port Orchard PICC Proposal.pdf
Goobie's Doobies - 1WT,17671.59,5224,13,334.23,Goobie's Doobies - 1WT PICC Proposal.pdf
[VLT] Vault Silvana,17316.66,2003,13,334.23,[VLT] Vault Silvana PICC Proposal.pdf
Cannabis Coast,17108.02,3624,13,334.23,Cannabis Coast PICC Proposal.pdf
[GPSY] Greens On Gold,16853.75,2327,13,334.23,[GPSY] Greens On Gold PICC Proposal.pdf
[DOCK] Dockside Cannabis Ballard,15540.0,1036,13,334.23,[DOCK] Dockside Cannabis Ballard PICC Proposal.pdf
[EVLV] Evolve Cannabis Kelso - VMI,14708.35,2041,13,334.23,[EVLV] Evolve Cannabis Kelso - VMI PICC Proposal.pdf
GoodBuds Quincy,14662.26,1834,13,334.23,GoodBuds Quincy PICC Proposal.pdf
[HPTM] Happy Time Pullman - VMI - 1WT,14637.95,2057,13,334.23,[HPTM] Happy Time Pullman - VMI - 1WT PICC Proposal.pdf
[WEST] Western Bud Bellingham,14545.16,1765,13,334.23,[WEST] Western Bud Bellingham PICC Proposal.pdf
Cannablyss - NBA,14449.2,1060,13,334.23,Cannablyss - NBA PICC Proposal.pdf
[C9] Cloud 9 Arlington - VMI - 1WT,14393.03,2299,13,334.23,[C9] Cloud 9 Arlington - VMI - 1WT PICC Proposal.pdf
[BSH] Belfair Cannabis Company - VMI,14312.95,2530,13,334.23,[BSH] Belfair Cannabis Company - VMI PICC Proposal.pdf
Local Amster Longview,14300.5,1437,13,334.23,Local Amster Longview PICC Proposal.pdf
[BSH] Shelton Cannabis - VMI,13351.58,2481,13,334.23,[BSH] Shelton Cannabis - VMI PICC Proposal.pdf
[CPRO] White Rabbit Retail,13240.65,1459,12,308.52,[CPRO] White Rabbit Retail PICC Proposal.pdf
High Society Everett - VMI - 1WT,13148.2,2581,12,308.52,High Society Everett - VMI - 1WT PICC Proposal.pdf
[BKRE] The Bakeree Seattle - 1WT,13009.21,2247,12,308.52,[BKRE] The Bakeree Seattle - 1WT PICC Proposal.pdf
[CBLS] TERP - VMI,12917.2,1989,12,308.52,[CBLS] TERP - VMI PICC Proposal.pdf
B Street Bud,12654.28,2736,12,308.52,B Street Bud PICC Proposal.pdf
Mister Buds,12626.0,948,12,308.52,Mister Buds PICC Proposal.pdf
[LVLY] Wonder Weed - VMI,12437.86,1585,12,308.52,[LVLY] Wonder Weed - VMI PICC Proposal.pdf
Mountain High Cannabis,12164.02,2164,12,308.52,Mountain High Cannabis PICC Proposal.pdf
Treehouse Club - 1WT,12146.55,2180,12,308.52,Treehouse Club - 1WT PICC Proposal.pdf
[DOCK] Dockside 85th,12105.0,807,12,308.52,[DOCK] Dockside 85th PICC Proposal.pdf
[C9] Cloud 9 - Cheney - VMI - 1WT,11982.26,1885,12,308.52,[C9] Cloud 9 - Cheney - VMI - 1WT PICC Proposal.pdf
[WEST] Western Bud Burlington,11979.62,1703,12,308.52,[WEST] Western Bud Burlington PICC Proposal.pdf
[HPTM] Happy Time Mount Vernon - VMI - 1WT,11531.82,1844,12,308.52,[HPTM] Happy Time Mount Vernon - VMI - 1WT PICC Proposal.pdf
Sunsets Cannabis,11035.77,2298,12,308.52,Sunsets Cannabis PICC Proposal.pdf
[HWY] HWY 420 - Silverdale,10965.0,731,12,308.52,[HWY] HWY 420 - Silverdale PICC Proposal.pdf
Cook Road Cannabis,10662.87,2299,12,308.52,Cook Road Cannabis PICC Proposal.pdf
Greenhand Spokane,10642.4,1130,12,308.52,Greenhand Spokane PICC Proposal.pdf
[395] 395 North Cannabis - VMI - 1WT,10467.92,1716,12,308.52,[395] 395 North Cannabis - VMI - 1WT PICC Proposal.pdf
[CRFT] Craft Cannabis Leavenworth - VMI - 1WT,10291.89,1657,12,308.52,[CRFT] Craft Cannabis Leavenworth - VMI - 1WT PICC Proposal.pdf
[JNT] The Joint Everett - VMI - 1WT,10275.46,1605,12,308.52,[JNT] The Joint Everett - VMI - 1WT PICC Proposal.pdf
[POM] Piece of Mind Pullman - VMI,10258.09,1487,12,308.52,[POM] Piece of Mind Pullman - VMI PICC Proposal.pdf
High Point Cannabis - VMI,10253.12,1251,12,308.52,High Point Cannabis - VMI PICC Proposal.pdf
[GPSY] Gypsy Green Olympia,9948.51,1935,12,308.52,[GPSY] Gypsy Green Olympia PICC Proposal.pdf
Kushmart South Everett - 1WT,9667.55,1417,12,308.52,Kushmart South Everett - 1WT PICC Proposal.pdf
[H420] - Hangar 420 - Everett - VMI - 1WT,9636.17,1268,12,308.52,[H420] - Hangar 420 - Everett - VMI - 1WT PICC Proposal.pdf
Ganjavita - 1WT,9621.05,2399,12,308.52,Ganjavita - 1WT PICC Proposal.pdf
Paper and Leaf,9355.7,656,12,308.52,Paper and Leaf PICC Proposal.pdf
Cathlamet Cannabis Company,9339.24,1845,12,308.52,Cathlamet Cannabis Company PICC Proposal.pdf
[DOCK] Dockside SODO (4th Ave),9195.0,613,12,308.52,[DOCK] Dockside SODO (4th Ave) PICC Proposal.pdf
[DoA] Dank of America on the Guide - 1WT,8793.0,1597,12,308.52,[DoA] Dank of America on the Guide - 1WT PICC Proposal.pdf
[C21] Millers,8518.18,1927,12,308.52,[C21] Millers PICC Proposal.pdf
Greenworks NW,8350.41,1042,12,308.52,Greenworks NW PICC Proposal.pdf
Legal Marijuana Superstore,8308.31,1681,12,308.52,Legal Marijuana Superstore PICC Proposal.pdf
[CBLS] Cannabliss 21 - VMI - 1WT,8167.89,1104,11,282.81,[CBLS] Cannabliss 21 - VMI - 1WT PICC Proposal.pdf
[BSH] Bayshore Cannabis Co - VMI,7939.57,1395,11,282.81,[BSH] Bayshore Cannabis Co - VMI PICC Proposal.pdf
Between the Ferns Cannabis Company,7699.68,992,11,282.81,Between the Ferns Cannabis Company PICC Proposal.pdf
Northwind Cannabis,7575.03,911,11,282.81,Northwind Cannabis PICC Proposal.pdf
Clutch Cannabis,7129.8,712,11,282.81,Clutch Cannabis PICC Proposal.pdf
[CBLS] Molecule - VMI,6924.5,992,11,282.81,[CBLS] Molecule - VMI PICC Proposal.pdf
[HOC] House of Cannabis Whidbey Island - 1WT,6841.95,1422,11,282.81,[HOC] House of Cannabis Whidbey Island - 1WT PICC Proposal.pdf
[SCC] Super Chronic Club Seattle - 1WT,6765.0,451,11,282.81,[SCC] Super Chronic Club Seattle - 1WT PICC Proposal.pdf
Rainier Cannabis,6730.8,1150,11,282.81,Rainier Cannabis PICC Proposal.pdf
Kush Pointe,6675.0,445,11,282.81,Kush Pointe PICC Proposal.pdf
[C21] Cannabis 21 Ocean Shores,6594.22,1512,11,282.81,[C21] Cannabis 21 Ocean Shores PICC Proposal.pdf
Fresh Greens Winthrop,6314.2,945,11,282.81,Fresh Greens Winthrop PICC Proposal.pdf
Ounces and Eighths Lynnwood,6307.14,1257,11,282.81,Ounces and Eighths Lynnwood PICC Proposal.pdf
Muffy's Smokin' Greens,6194.65,744,11,282.81,Muffy's Smokin' Greens PICC Proposal.pdf
[JNT] Starbuds Queen Anne - VMI - 1WT,5511.29,1228,11,282.81,[JNT] Starbuds Queen Anne - VMI - 1WT PICC Proposal.pdf
Natural Care,5398.87,849,11,282.81,Natural Care PICC Proposal.pdf
[BBD] Better Buds Port Angeles,5250.98,1050,11,282.81,[BBD] Better Buds Port Angeles PICC Proposal.pdf
[POCC] Pend Oreille Cannabis Co North,5203.36,819,11,282.81,[POCC] Pend Oreille Cannabis Co North PICC Proposal.pdf
The Green Door Seattle,5175.0,345,11,282.81,The Green Door Seattle PICC Proposal.pdf
Scotland TEST,5096.93,316,11,282.81,Scotland TEST PICC Proposal.pdf
Sparket,4950.0,330,11,282.81,Sparket PICC Proposal.pdf
North Bay Marijuana,4904.6,845,11,282.81,North Bay Marijuana PICC Proposal.pdf
Green Stop Cannabis,4624.85,699,11,282.81,Green Stop Cannabis PICC Proposal.pdf
Emerald Coast Cannabis,4420.25,799,11,282.81,Emerald Coast Cannabis PICC Proposal.pdf
Hypeherbally,4289.92,288,11,282.81,Hypeherbally PICC Proposal.pdf
Seattle Cannabis Co - VMI,4118.73,693,11,282.81,Seattle Cannabis Co - VMI PICC Proposal.pdf
[BBD] The World Famous Cannabis Store,4082.4,1050,11,282.81,[BBD] The World Famous Cannabis Store PICC Proposal.pdf
T Brothers,3900.0,260,11,282.81,T Brothers PICC Proposal.pdf
[JNT] Starbuds Lynnwood - VMI - 1WT,3567.5,659,11,282.81,[JNT] Starbuds Lynnwood - VMI - 1WT PICC Proposal.pdf
Discovery Bay,3205.2,441,11,282.81,Discovery Bay PICC Proposal.pdf
Nimbin Pot Shop,3150.5,825,11,282.81,Nimbin Pot Shop PICC Proposal.pdf
Green Tiki,3112.65,852,11,282.81,Green Tiki PICC Proposal.pdf
[AMRY] American Mary Ballard - NBA,2833.17,340,10,257.1,[AMRY] American Mary Ballard - NBA PICC Proposal.pdf
[MJMT] Marijuana Mart Grand Mound,2550.0,170,10,257.1,[MJMT] Marijuana Mart Grand Mound PICC Proposal.pdf
[AMRY] American Mary 45th,2441.54,363,10,257.1,[AMRY] American Mary 45th PICC Proposal.pdf
Vashon Times 21,1876.91,417,10,257.1,Vashon Times 21 PICC Proposal.pdf
[FCC] Forbidden Cannabis Club Carlton - 1WT,1328.93,264,10,257.1,[FCC] Forbidden Cannabis Club Carlton - 1WT PICC Proposal.pdf
Lucky Cannabis - Mount Vernon,1235.01,125,10,257.1,Lucky Cannabis - Mount Vernon PICC Proposal.pdf
Caravan Cannabis Company,1230.0,122,10,257.1,Caravan Cannabis Company PICC Proposal.pdf
Cloud Cannabis,1050.0,70,10,257.1,Cloud Cannabis PICC Proposal.pdf
Sapphire Cannabis - CLOSED,500.0,110,10,257.1,Sapphire Cannabis - CLOSED PICC Proposal.pdf
Marcos Test,0.0,0,10,257.1,Marcos Test PICC Proposal.pdf
One Hit Wonder - Silverdale - NBA,0.0,65,10,257.1,One Hit Wonder - Silverdale - NBA PICC Proposal.pdf
SeaChange Cannabis - NBA,0.0,0,10,257.1,SeaChange Cannabis - NBA PICC Proposal.pdf
Sweet Releaf - NBA,0.0,15,10,257.1,Sweet Releaf - NBA PICC Proposal.pdf
[GLDY] Green Lady West,0.0,0,10,257.1,[GLDY] Green Lady West PICC Proposal.pdf
[LXPS] Lux Pot Shop Ballard,0.0,0,10,257.1,[LXPS] Lux Pot Shop Ballard PICC Proposal.pdf
[OLY] Olympia Weed Company - NBA,0.0,46,10,257.1,[OLY] Olympia Weed Company - NBA PICC Proposal.pdf
[ORGN] Origins Cannabis West Seattle  - 1WT,0.0,0,10,257.1,[ORGN] Origins Cannabis West Seattle  - 1WT PICC Proposal.pdf
